[
  {
    "id": 1,
    "name": "Chicken Breast",
    "category": "Protein",
    "subcategory": "Poultry",
    "calories": 165,
    "protein": 31.0,
    "carbs": 0.0,
    "fat": 3.6,
    "fiber": 0.0,
    "sugar": 0.0,
    "sodium": 74,
    "common": true
  },
  {
    "id": 2,
    "name": "Chicken Thigh",
    "category": "Protein",
    "subcategory": "Poultry",
    "calories": 209,
    "protein": 26.0,
    "carbs": 0.0,
    "fat": 10.9,
    "fiber": 0.0,
    "sugar": 0.0,
    "sodium": 84,
    "common": true
  },
  {
    "id": 3,
    "name": "Chicken Wing",
    "category": "Protein",
    "subcategory": "Poultry",
    "calories": 203,
    "protein": 30.5,
    "carbs": 0.0,
    "fat": 8.1,
    "fiber": 0.0,
    "sugar": 0.0,
    "sodium": 78,
    "common": true
  },
  {
    "id": 4,
    "name": "Turkey Breast",
    "category": "Protein",
    "subcategory": "Poultry",
    "calories": 135,
    "protein": 30.1,
    "carbs": 0.0,
    "fat": 0.7,
    "fiber": 0.0,
    "sugar": 0.0,
    "sodium": 63,
    "common": true
  },
  {
    "id": 5,
    "name": "Ground Turkey",
    "category": "Protein",
    "subcategory": "Poultry",
    "calories": 149,
    "protein": 20.9,
    "carbs": 0.0,
    "fat": 6.6,
    "fiber": 0.0,
    "sugar": 0.0,
    "sodium": 76,
    "common": true
  },
  {
    "id": 6,
    "name": "Lean Ground Beef (93/7)",
    "category": "Protein",
    "subcategory": "Beef",
    "calories": 152,
    "protein": 22.6,
    "carbs": 0.0,
    "fat": 6.0,
    "fiber": 0.0,
    "sugar": 0.0,
    "sodium": 66,
    "common": true
  },
  {
    "id": 7,
    "name": "Ground Beef (80/20)",
    "category": "Protein",
    "subcategory": "Beef",
    "calories": 254,
    "protein": 17.2,
    "carbs": 0.0,
    "fat": 20.0,
    "fiber": 0.0,
    "sugar": 0.0,
    "sodium": 66,
    "common": true
  },
  {
    "id": 8,
    "name": "Sirloin Steak",
    "category": "Protein",
    "subcategory": "Beef",
    "calories": 158,
    "protein": 26.0,
    "carbs": 0.0,
    "fat": 5.4,
    "fiber": 0.0,
    "sugar": 0.0,
    "sodium": 56,
    "common": true
  },
  {
    "id": 9,
    "name": "Ribeye Steak",
    "category": "Protein",
    "subcategory": "Beef",
    "calories": 291,
    "protein": 25.0,
    "carbs": 0.0,
    "fat": 20.8,
    "fiber": 0.0,
    "sugar": 0.0,
    "sodium": 59,
    "common": true
  },
  {
    "id": 10,
    "name": "Filet Mignon",
    "category": "Protein",
    "subcategory": "Beef",
    "calories": 227,
    "protein": 27.0,
    "carbs": 0.0,
    "fat": 12.0,
    "fiber": 0.0,
    "sugar": 0.0,
    "sodium": 52,
    "common": true
  },
  {
    "id": 11,
    "name": "Salmon Fillet",
    "category": "Protein",
    "subcategory": "Fish",
    "calories": 208,
    "protein": 25.4,
    "carbs": 0.0,
    "fat": 12.4,
    "fiber": 0.0,
    "sugar": 0.0,
    "sodium": 59,
    "common": true
  },
  {
    "id": 12,
    "name": "Tuna Steak",
    "category": "Protein",
    "subcategory": "Fish",
    "calories": 144,
    "protein": 23.3,
    "carbs": 0.0,
    "fat": 4.9,
    "fiber": 0.0,
    "sugar": 0.0,
    "sodium": 39,
    "common": true
  },
  {
    "id": 13,
    "name": "Cod Fillet",
    "category": "Protein",
    "subcategory": "Fish",
    "calories": 82,
    "protein": 17.8,
    "carbs": 0.0,
    "fat": 0.7,
    "fiber": 0.0,
    "sugar": 0.0,
    "sodium": 54,
    "common": true
  },
  {
    "id": 14,
    "name": "Tilapia Fillet",
    "category": "Protein",
    "subcategory": "Fish",
    "calories": 96,
    "protein": 20.1,
    "carbs": 0.0,
    "fat": 1.7,
    "fiber": 0.0,
    "sugar": 0.0,
    "sodium": 52,
    "common": true
  },
  {
    "id": 15,
    "name": "Shrimp",
    "category": "Protein",
    "subcategory": "Seafood",
    "calories": 85,
    "protein": 20.3,
    "carbs": 0.0,
    "fat": 0.5,
    "fiber": 0.0,
    "sugar": 0.0,
    "sodium": 111,
    "common": true
  },
  {
    "id": 16,
    "name": "Crab Meat",
    "category": "Protein",
    "subcategory": "Seafood",
    "calories": 87,
    "protein": 18.1,
    "carbs": 0.0,
    "fat": 1.1,
    "fiber": 0.0,
    "sugar": 0.0,
    "sodium": 293,
    "common": true
  },
  {
    "id": 17,
    "name": "Lobster Meat",
    "category": "Protein",
    "subcategory": "Seafood",
    "calories": 89,
    "protein": 19.0,
    "carbs": 0.5,
    "fat": 0.9,
    "fiber": 0.0,
    "sugar": 0.0,
    "sodium": 296,
    "common": true
  },
  {
    "id": 18,
    "name": "Eggs (Whole)",
    "category": "Protein",
    "subcategory": "Dairy/Eggs",
    "calories": 155,
    "protein": 13.0,
    "carbs": 1.1,
    "fat": 11.0,
    "fiber": 0.0,
    "sugar": 1.1,
    "sodium": 124,
    "common": true
  },
  {
    "id": 19,
    "name": "Egg Whites",
    "category": "Protein",
    "subcategory": "Dairy/Eggs",
    "calories": 52,
    "protein": 10.9,
    "carbs": 0.7,
    "fat": 0.2,
    "fiber": 0.0,
    "sugar": 0.7,
    "sodium": 166,
    "common": true
  },
  {
    "id": 20,
    "name": "Greek Yogurt (Plain, Non-fat)",
    "category": "Protein",
    "subcategory": "Dairy/Eggs",
    "calories": 59,
    "protein": 10.3,
    "carbs": 3.6,
    "fat": 0.4,
    "fiber": 0.0,
    "sugar": 3.6,
    "sodium": 36,
    "common": true
  },
  {
    "id": 21,
    "name": "Cottage Cheese (Low-fat)",
    "category": "Protein",
    "subcategory": "Dairy/Eggs",
    "calories": 72,
    "protein": 12.4,
    "carbs": 2.7,
    "fat": 1.0,
    "fiber": 0.0,
    "sugar": 2.7,
    "sodium": 364,
    "common": true
  },
  {
    "id": 22,
    "name": "Milk (Skim)",
    "category": "Protein",
    "subcategory": "Dairy/Eggs",
    "calories": 34,
    "protein": 3.4,
    "carbs": 5.0,
    "fat": 0.1,
    "fiber": 0.0,
    "sugar": 5.0,
    "sodium": 42,
    "common": true
  },
  {
    "id": 23,
    "name": "Cheddar Cheese",
    "category": "Protein",
    "subcategory": "Dairy/Eggs",
    "calories": 403,
    "protein": 24.9,
    "carbs": 1.3,
    "fat": 33.1,
    "fiber": 0.0,
    "sugar": 0.5,
    "sodium": 621,
    "common": true
  },
  {
    "id": 24,
    "name": "Mozzarella Cheese",
    "category": "Protein",
    "subcategory": "Dairy/Eggs",
    "calories": 280,
    "protein": 27.5,
    "carbs": 2.2,
    "fat": 17.1,
    "fiber": 0.0,
    "sugar": 1.0,
    "sodium": 627,
    "common": true
  },
  {
    "id": 25,
    "name": "Tofu (Firm)",
    "category": "Protein",
    "subcategory": "Plant-based",
    "calories": 144,
    "protein": 15.8,
    "carbs": 3.0,
    "fat": 8.7,
    "fiber": 2.3,
    "sugar": 0.6,
    "sodium": 7,
    "common": true
  },
  {
    "id": 26,
    "name": "Tempeh",
    "category": "Protein",
    "subcategory": "Plant-based",
    "calories": 190,
    "protein": 20.3,
    "carbs": 7.6,
    "fat": 10.8,
    "fiber": 9.0,
    "sugar": 2.3,
    "sodium": 9,
    "common": true
  },
  {
    "id": 27,
    "name": "Seitan",
    "category": "Protein",
    "subcategory": "Plant-based",
    "calories": 370,
    "protein": 75.2,
    "carbs": 14.0,
    "fat": 1.9,
    "fiber": 5.9,
    "sugar": 3.0,
    "sodium": 29,
    "common": true
  },
  {
    "id": 28,
    "name": "Lentils (Dry)",
    "category": "Protein",
    "subcategory": "Legumes",
    "calories": 353,
    "protein": 25.8,
    "carbs": 60.1,
    "fat": 1.1,
    "fiber": 10.7,
    "sugar": 2.0,
    "sodium": 6,
    "common": true
  },
  {
    "id": 29,
    "name": "Black Beans (Dry)",
    "category": "Protein",
    "subcategory": "Legumes",
    "calories": 341,
    "protein": 21.6,
    "carbs": 62.4,
    "fat": 1.4,
    "fiber": 15.5,
    "sugar": 2.1,
    "sodium": 5,
    "common": true
  },
  {
    "id": 30,
    "name": "Chickpeas (Dry)",
    "category": "Protein",
    "subcategory": "Legumes",
    "calories": 378,
    "protein": 20.5,
    "carbs": 63.0,
    "fat": 6.0,
    "fiber": 12.2,
    "sugar": 10.7,
    "sodium": 24,
    "common": true
  },
  {
    "id": 31,
    "name": "Kidney Beans (Dry)",
    "category": "Protein",
    "subcategory": "Legumes",
    "calories": 333,
    "protein": 23.6,
    "carbs": 60.0,
    "fat": 0.8,
    "fiber": 15.3,
    "sugar": 2.2,
    "sodium": 12,
    "common": true
  },
  {
    "id": 32,
    "name": "Pinto Beans (Dry)",
    "category": "Protein",
    "subcategory": "Legumes",
    "calories": 347,
    "protein": 21.4,
    "carbs": 62.6,
    "fat": 1.2,
    "fiber": 15.5,
    "sugar": 2.1,
    "sodium": 12,
    "common": true
  },
  {
    "id": 33,
    "name": "Almonds",
    "category": "Protein",
    "subcategory": "Nuts/Seeds",
    "calories": 579,
    "protein": 21.2,
    "carbs": 21.6,
    "fat": 49.9,
    "fiber": 12.5,
    "sugar": 4.4,
    "sodium": 1,
    "common": true
  },
  {
    "id": 34,
    "name": "Walnuts",
    "category": "Protein",
    "subcategory": "Nuts/Seeds",
    "calories": 654,
    "protein": 15.2,
    "carbs": 13.7,
    "fat": 65.2,
    "fiber": 6.7,
    "sugar": 2.6,
    "sodium": 2,
    "common": true
  },
  {
    "id": 35,
    "name": "Peanuts",
    "category": "Protein",
    "subcategory": "Nuts/Seeds",
    "calories": 567,
    "protein": 25.8,
    "carbs": 16.1,
    "fat": 49.2,
    "fiber": 8.5,
    "sugar": 4.7,
    "sodium": 18,
    "common": true
  },
  {
    "id": 36,
    "name": "Cashews",
    "category": "Protein",
    "subcategory": "Nuts/Seeds",
    "calories": 553,
    "protein": 18.2,
    "carbs": 30.2,
    "fat": 43.9,
    "fiber": 3.3,
    "sugar": 5.9,
    "sodium": 12,
    "common": true
  },
  {
    "id": 37,
    "name": "Chia Seeds",
    "category": "Protein",
    "subcategory": "Nuts/Seeds",
    "calories": 486,
    "protein": 16.5,
    "carbs": 42.1,
    "fat": 30.7,
    "fiber": 34.4,
    "sugar": 0.0,
    "sodium": 16,
    "common": true
  },
  {
    "id": 38,
    "name": "Hemp Seeds",
    "category": "Protein",
    "subcategory": "Nuts/Seeds",
    "calories": 553,
    "protein": 31.6,
    "carbs": 8.7,
    "fat": 48.8,
    "fiber": 4.0,
    "sugar": 1.5,
    "sodium": 5,
    "common": true
  },
  {
    "id": 39,
    "name": "Pumpkin Seeds",
    "category": "Protein",
    "subcategory": "Nuts/Seeds",
    "calories": 559,
    "protein": 30.2,
    "carbs": 10.7,
    "fat": 49.1,
    "fiber": 6.0,
    "sugar": 1.4,
    "sodium": 7,
    "common": true
  },
  {
    "id": 40,
    "name": "Sunflower Seeds",
    "category": "Protein",
    "subcategory": "Nuts/Seeds",
    "calories": 584,
    "protein": 20.8,
    "carbs": 20.0,
    "fat": 51.5,
    "fiber": 8.6,
    "sugar": 2.6,
    "sodium": 9,
    "common": true
  },
  {
    "id": 41,
    "name": "Brown Rice (Dry)",
    "category": "Carbohydrates",
    "subcategory": "Grains",
    "calories": 370,
    "protein": 7.9,
    "carbs": 77.2,
    "fat": 2.9,
    "fiber": 3.5,
    "sugar": 0.7,
    "sodium": 7,
    "common": true
  },
  {
    "id": 42,
    "name": "White Rice (Dry)",
    "category": "Carbohydrates",
    "subcategory": "Grains",
    "calories": 365,
    "protein": 7.1,
    "carbs": 80.0,
    "fat": 0.7,
    "fiber": 1.3,
    "sugar": 0.1,
    "sodium": 5,
    "common": true
  },
  {
    "id": 43,
    "name": "Quinoa (Dry)",
    "category": "Carbohydrates",
    "subcategory": "Grains",
    "calories": 368,
    "protein": 14.1,
    "carbs": 64.2,
    "fat": 6.1,
    "fiber": 7.0,
    "sugar": 4.6,
    "sodium": 5,
    "common": true
  },
  {
    "id": 44,
    "name": "Oats (Dry)",
    "category": "Carbohydrates",
    "subcategory": "Grains",
    "calories": 389,
    "protein": 16.9,
    "carbs": 66.3,
    "fat": 6.9,
    "fiber": 10.6,
    "sugar": 0.0,
    "sodium": 2,
    "common": true
  },
  {
    "id": 45,
    "name": "Barley (Dry)",
    "category": "Carbohydrates",
    "subcategory": "Grains",
    "calories": 354,
    "protein": 12.5,
    "carbs": 73.5,
    "fat": 2.3,
    "fiber": 17.3,
    "sugar": 0.8,
    "sodium": 12,
    "common": true
  },
  {
    "id": 46,
    "name": "Whole Wheat Pasta (Dry)",
    "category": "Carbohydrates",
    "subcategory": "Grains",
    "calories": 348,
    "protein": 14.6,
    "carbs": 71.2,
    "fat": 2.5,
    "fiber": 10.7,
    "sugar": 2.8,
    "sodium": 13,
    "common": true
  },
  {
    "id": 47,
    "name": "White Pasta (Dry)",
    "category": "Carbohydrates",
    "subcategory": "Grains",
    "calories": 371,
    "protein": 13.0,
    "carbs": 74.7,
    "fat": 1.5,
    "fiber": 3.2,
    "sugar": 2.7,
    "sodium": 6,
    "common": true
  },
  {
    "id": 48,
    "name": "Whole Wheat Bread",
    "category": "Carbohydrates",
    "subcategory": "Grains",
    "calories": 247,
    "protein": 13.4,
    "carbs": 41.3,
    "fat": 4.2,
    "fiber": 6.0,
    "sugar": 5.6,
    "sodium": 491,
    "common": true
  },
  {
    "id": 49,
    "name": "White Bread",
    "category": "Carbohydrates",
    "subcategory": "Grains",
    "calories": 265,
    "protein": 9.0,
    "carbs": 49.4,
    "fat": 3.2,
    "fiber": 2.7,
    "sugar": 5.7,
    "sodium": 477,
    "common": true
  },
  {
    "id": 50,
    "name": "Sweet Potato",
    "category": "Carbohydrates",
    "subcategory": "Vegetables",
    "calories": 86,
    "protein": 1.6,
    "carbs": 20.1,
    "fat": 0.1,
    "fiber": 3.0,
    "sugar": 4.2,
    "sodium": 54,
    "common": true
  },
  {
    "id": 51,
    "name": "Regular Potato",
    "category": "Carbohydrates",
    "subcategory": "Vegetables",
    "calories": 77,
    "protein": 2.0,
    "carbs": 17.5,
    "fat": 0.1,
    "fiber": 2.1,
    "sugar": 0.8,
    "sodium": 6,
    "common": true
  },
  {
    "id": 52,
    "name": "Banana",
    "category": "Carbohydrates",
    "subcategory": "Fruits",
    "calories": 89,
    "protein": 1.1,
    "carbs": 22.8,
    "fat": 0.3,
    "fiber": 2.6,
    "sugar": 12.2,
    "sodium": 1,
    "common": true
  },
  {
    "id": 53,
    "name": "Apple",
    "category": "Carbohydrates",
    "subcategory": "Fruits",
    "calories": 52,
    "protein": 0.3,
    "carbs": 13.8,
    "fat": 0.2,
    "fiber": 2.4,
    "sugar": 10.4,
    "sodium": 1,
    "common": true
  },
  {
    "id": 54,
    "name": "Orange",
    "category": "Carbohydrates",
    "subcategory": "Fruits",
    "calories": 47,
    "protein": 0.9,
    "carbs": 11.8,
    "fat": 0.1,
    "fiber": 2.4,
    "sugar": 9.4,
    "sodium": 0,
    "common": true
  },
  {
    "id": 55,
    "name": "Blueberries",
    "category": "Carbohydrates",
    "subcategory": "Fruits",
    "calories": 57,
    "protein": 0.7,
    "carbs": 14.5,
    "fat": 0.3,
    "fiber": 2.4,
    "sugar": 10.0,
    "sodium": 1,
    "common": true
  },
  {
    "id": 56,
    "name": "Strawberries",
    "category": "Carbohydrates",
    "subcategory": "Fruits",
    "calories": 32,
    "protein": 0.7,
    "carbs": 7.7,
    "fat": 0.3,
    "fiber": 2.0,
    "sugar": 4.9,
    "sodium": 1,
    "common": true
  },
  {
    "id": 57,
    "name": "Grapes",
    "category": "Carbohydrates",
    "subcategory": "Fruits",
    "calories": 62,
    "protein": 0.6,
    "carbs": 16.0,
    "fat": 0.2,
    "fiber": 0.9,
    "sugar": 15.5,
    "sodium": 2,
    "common": true
  },
  {
    "id": 58,
    "name": "Dates",
    "category": "Carbohydrates",
    "subcategory": "Fruits",
    "calories": 277,
    "protein": 1.8,
    "carbs": 75.0,
    "fat": 0.2,
    "fiber": 6.7,
    "sugar": 66.5,
    "sodium": 1,
    "common": true
  },
  {
    "id": 59,
    "name": "Spinach",
    "category": "Vegetables",
    "subcategory": "Leafy Greens",
    "calories": 23,
    "protein": 2.9,
    "carbs": 3.6,
    "fat": 0.4,
    "fiber": 2.2,
    "sugar": 0.4,
    "sodium": 79,
    "common": true
  },
  {
    "id": 60,
    "name": "Kale",
    "category": "Vegetables",
    "subcategory": "Leafy Greens",
    "calories": 49,
    "protein": 4.3,
    "carbs": 8.8,
    "fat": 0.9,
    "fiber": 3.6,
    "sugar": 2.3,
    "sodium": 38,
    "common": true
  },
  {
    "id": 61,
    "name": "Lettuce (Romaine)",
    "category": "Vegetables",
    "subcategory": "Leafy Greens",
    "calories": 17,
    "protein": 1.2,
    "carbs": 3.3,
    "fat": 0.3,
    "fiber": 2.1,
    "sugar": 1.2,
    "sodium": 8,
    "common": true
  },
  {
    "id": 62,
    "name": "Arugula",
    "category": "Vegetables",
    "subcategory": "Leafy Greens",
    "calories": 25,
    "protein": 2.6,
    "carbs": 3.7,
    "fat": 0.7,
    "fiber": 1.6,
    "sugar": 2.1,
    "sodium": 27,
    "common": true
  },
  {
    "id": 63,
    "name": "Broccoli",
    "category": "Vegetables",
    "subcategory": "Cruciferous",
    "calories": 34,
    "protein": 2.8,
    "carbs": 6.6,
    "fat": 0.4,
    "fiber": 2.6,
    "sugar": 1.5,
    "sodium": 33,
    "common": true
  },
  {
    "id": 64,
    "name": "Cauliflower",
    "category": "Vegetables",
    "subcategory": "Cruciferous",
    "calories": 25,
    "protein": 1.9,
    "carbs": 5.0,
    "fat": 0.3,
    "fiber": 2.0,
    "sugar": 1.9,
    "sodium": 30,
    "common": true
  },
  {
    "id": 65,
    "name": "Brussels Sprouts",
    "category": "Vegetables",
    "subcategory": "Cruciferous",
    "calories": 43,
    "protein": 3.4,
    "carbs": 8.9,
    "fat": 0.3,
    "fiber": 3.8,
    "sugar": 2.2,
    "sodium": 25,
    "common": true
  },
  {
    "id": 66,
    "name": "Cabbage",
    "category": "Vegetables",
    "subcategory": "Cruciferous",
    "calories": 25,
    "protein": 1.3,
    "carbs": 5.8,
    "fat": 0.1,
    "fiber": 2.5,
    "sugar": 3.2,
    "sodium": 18,
    "common": true
  },
  {
    "id": 67,
    "name": "Carrots",
    "category": "Vegetables",
    "subcategory": "Root Vegetables",
    "calories": 41,
    "protein": 0.9,
    "carbs": 9.6,
    "fat": 0.2,
    "fiber": 2.8,
    "sugar": 4.7,
    "sodium": 69,
    "common": true
  },
  {
    "id": 68,
    "name": "Beets",
    "category": "Vegetables",
    "subcategory": "Root Vegetables",
    "calories": 43,
    "protein": 1.6,
    "carbs": 9.6,
    "fat": 0.2,
    "fiber": 2.8,
    "sugar": 6.8,
    "sodium": 78,
    "common": true
  },
  {
    "id": 69,
    "name": "Radishes",
    "category": "Vegetables",
    "subcategory": "Root Vegetables",
    "calories": 16,
    "protein": 0.7,
    "carbs": 3.4,
    "fat": 0.1,
    "fiber": 1.6,
    "sugar": 1.9,
    "sodium": 39,
    "common": true
  },
  {
    "id": 70,
    "name": "Turnips",
    "category": "Vegetables",
    "subcategory": "Root Vegetables",
    "calories": 28,
    "protein": 0.9,
    "carbs": 6.4,
    "fat": 0.1,
    "fiber": 1.8,
    "sugar": 3.8,
    "sodium": 67,
    "common": true
  },
  {
    "id": 71,
    "name": "Bell Peppers (Red)",
    "category": "Vegetables",
    "subcategory": "Peppers",
    "calories": 31,
    "protein": 1.0,
    "carbs": 7.3,
    "fat": 0.3,
    "fiber": 2.5,
    "sugar": 4.2,
    "sodium": 4,
    "common": true
  },
  {
    "id": 72,
    "name": "Bell Peppers (Green)",
    "category": "Vegetables",
    "subcategory": "Peppers",
    "calories": 20,
    "protein": 0.9,
    "carbs": 4.6,
    "fat": 0.2,
    "fiber": 1.7,
    "sugar": 2.4,
    "sodium": 3,
    "common": true
  },
  {
    "id": 73,
    "name": "Jalapeño Peppers",
    "category": "Vegetables",
    "subcategory": "Peppers",
    "calories": 29,
    "protein": 0.9,
    "carbs": 6.5,
    "fat": 0.4,
    "fiber": 2.8,
    "sugar": 4.1,
    "sodium": 3,
    "common": true
  },
  {
    "id": 74,
    "name": "Tomatoes",
    "category": "Vegetables",
    "subcategory": "Nightshades",
    "calories": 18,
    "protein": 0.9,
    "carbs": 3.9,
    "fat": 0.2,
    "fiber": 1.2,
    "sugar": 2.6,
    "sodium": 5,
    "common": true
  },
  {
    "id": 75,
    "name": "Eggplant",
    "category": "Vegetables",
    "subcategory": "Nightshades",
    "calories": 25,
    "protein": 1.0,
    "carbs": 5.9,
    "fat": 0.2,
    "fiber": 3.0,
    "sugar": 3.5,
    "sodium": 2,
    "common": true
  },
  {
    "id": 76,
    "name": "Zucchini",
    "category": "Vegetables",
    "subcategory": "Squash",
    "calories": 17,
    "protein": 1.2,
    "carbs": 3.1,
    "fat": 0.3,
    "fiber": 1.0,
    "sugar": 2.5,
    "sodium": 8,
    "common": true
  },
  {
    "id": 77,
    "name": "Yellow Squash",
    "category": "Vegetables",
    "subcategory": "Squash",
    "calories": 16,
    "protein": 1.2,
    "carbs": 3.4,
    "fat": 0.2,
    "fiber": 1.2,
    "sugar": 2.2,
    "sodium": 2,
    "common": true
  },
  {
    "id": 78,
    "name": "Butternut Squash",
    "category": "Vegetables",
    "subcategory": "Squash",
    "calories": 45,
    "protein": 1.0,
    "carbs": 11.7,
    "fat": 0.1,
    "fiber": 2.0,
    "sugar": 2.2,
    "sodium": 4,
    "common": true
  },
  {
    "id": 79,
    "name": "Cucumber",
    "category": "Vegetables",
    "subcategory": "Gourds",
    "calories": 16,
    "protein": 0.7,
    "carbs": 4.0,
    "fat": 0.1,
    "fiber": 0.5,
    "sugar": 1.7,
    "sodium": 2,
    "common": true
  },
  {
    "id": 80,
    "name": "Celery",
    "category": "Vegetables",
    "subcategory": "Stalks",
    "calories": 14,
    "protein": 0.7,
    "carbs": 3.0,
    "fat": 0.2,
    "fiber": 1.6,
    "sugar": 1.3,
    "sodium": 80,
    "common": true
  },
  {
    "id": 81,
    "name": "Asparagus",
    "category": "Vegetables",
    "subcategory": "Stalks",
    "calories": 20,
    "protein": 2.2,
    "carbs": 3.9,
    "fat": 0.1,
    "fiber": 2.1,
    "sugar": 1.9,
    "sodium": 2,
    "common": true
  },
  {
    "id": 82,
    "name": "Green Beans",
    "category": "Vegetables",
    "subcategory": "Pods",
    "calories": 31,
    "protein": 1.8,
    "carbs": 7.0,
    "fat": 0.2,
    "fiber": 2.7,
    "sugar": 3.3,
    "sodium": 6,
    "common": true
  },
  {
    "id": 83,
    "name": "Peas (Fresh)",
    "category": "Vegetables",
    "subcategory": "Pods",
    "calories": 81,
    "protein": 5.4,
    "carbs": 14.5,
    "fat": 0.4,
    "fiber": 5.7,
    "sugar": 5.7,
    "sodium": 5,
    "common": true
  },
  {
    "id": 84,
    "name": "Corn (Fresh)",
    "category": "Vegetables",
    "subcategory": "Grains",
    "calories": 86,
    "protein": 3.3,
    "carbs": 19.0,
    "fat": 1.4,
    "fiber": 2.0,
    "sugar": 6.3,
    "sodium": 15,
    "common": true
  },
  {
    "id": 85,
    "name": "Mushrooms (White)",
    "category": "Vegetables",
    "subcategory": "Fungi",
    "calories": 22,
    "protein": 3.1,
    "carbs": 3.3,
    "fat": 0.3,
    "fiber": 1.0,
    "sugar": 2.0,
    "sodium": 5,
    "common": true
  },
  {
    "id": 86,
    "name": "Portobello Mushrooms",
    "category": "Vegetables",
    "subcategory": "Fungi",
    "calories": 22,
    "protein": 2.1,
    "carbs": 3.9,
    "fat": 0.4,
    "fiber": 1.3,
    "sugar": 2.5,
    "sodium": 9,
    "common": true
  },
  {
    "id": 87,
    "name": "Shiitake Mushrooms",
    "category": "Vegetables",
    "subcategory": "Fungi",
    "calories": 34,
    "protein": 2.2,
    "carbs": 6.8,
    "fat": 0.5,
    "fiber": 2.5,
    "sugar": 2.4,
    "sodium": 9,
    "common": true
  },
  {
    "id": 88,
    "name": "Onions",
    "category": "Vegetables",
    "subcategory": "Alliums",
    "calories": 40,
    "protein": 1.1,
    "carbs": 9.3,
    "fat": 0.1,
    "fiber": 1.7,
    "sugar": 4.2,
    "sodium": 4,
    "common": true
  },
  {
    "id": 89,
    "name": "Garlic",
    "category": "Vegetables",
    "subcategory": "Alliums",
    "calories": 149,
    "protein": 6.4,
    "carbs": 33.1,
    "fat": 0.5,
    "fiber": 2.1,
    "sugar": 1.0,
    "sodium": 17,
    "common": true
  },
  {
    "id": 90,
    "name": "Leeks",
    "category": "Vegetables",
    "subcategory": "Alliums",
    "calories": 61,
    "protein": 1.5,
    "carbs": 14.2,
    "fat": 0.3,
    "fiber": 1.8,
    "sugar": 3.9,
    "sodium": 20,
    "common": true
  },
  {
    "id": 91,
    "name": "Avocado",
    "category": "Fats",
    "subcategory": "Fruits",
    "calories": 160,
    "protein": 2.0,
    "carbs": 8.5,
    "fat": 14.7,
    "fiber": 6.7,
    "sugar": 0.7,
    "sodium": 7,
    "common": true
  },
  {
    "id": 92,
    "name": "Olive Oil",
    "category": "Fats",
    "subcategory": "Oils",
    "calories": 884,
    "protein": 0.0,
    "carbs": 0.0,
    "fat": 100.0,
    "fiber": 0.0,
    "sugar": 0.0,
    "sodium": 2,
    "common": true
  },
  {
    "id": 93,
    "name": "Coconut Oil",
    "category": "Fats",
    "subcategory": "Oils",
    "calories": 862,
    "protein": 0.0,
    "carbs": 0.0,
    "fat": 100.0,
    "fiber": 0.0,
    "sugar": 0.0,
    "sodium": 0,
    "common": true
  },
  {
    "id": 94,
    "name": "Butter",
    "category": "Fats",
    "subcategory": "Dairy",
    "calories": 717,
    "protein": 0.9,
    "carbs": 0.1,
    "fat": 81.1,
    "fiber": 0.0,
    "sugar": 0.1,
    "sodium": 11,
    "common": true
  },
  {
    "id": 95,
    "name": "Peanut Butter",
    "category": "Fats",
    "subcategory": "Nut Butters",
    "calories": 588,
    "protein": 25.1,
    "carbs": 19.6,
    "fat": 50.4,
    "fiber": 6.0,
    "sugar": 9.2,
    "sodium": 17,
    "common": true
  },
  {
    "id": 96,
    "name": "Almond Butter",
    "category": "Fats",
    "subcategory": "Nut Butters",
    "calories": 614,
    "protein": 21.2,
    "carbs": 18.8,
    "fat": 55.5,
    "fiber": 10.3,
    "sugar": 4.4,
    "sodium": 7,
    "common": true
  },
  {
    "id": 97,
    "name": "Tahini",
    "category": "Fats",
    "subcategory": "Seed Butters",
    "calories": 595,
    "protein": 17.0,
    "carbs": 21.2,
    "fat": 53.8,
    "fiber": 9.3,
    "sugar": 0.5,
    "sodium": 115,
    "common": true
  },
  {
    "id": 98,
    "name": "Flaxseed Oil",
    "category": "Fats",
    "subcategory": "Oils",
    "calories": 884,
    "protein": 0.0,
    "carbs": 0.0,
    "fat": 100.0,
    "fiber": 0.0,
    "sugar": 0.0,
    "sodium": 0,
    "common": true
  },
  {
    "id": 99,
    "name": "MCT Oil",
    "category": "Fats",
    "subcategory": "Oils",
    "calories": 828,
    "protein": 0.0,
    "carbs": 0.0,
    "fat": 93.9,
    "fiber": 0.0,
    "sugar": 0.0,
    "sodium": 0,
    "common": true
  },
  {
    "id": 100,
    "name": "Whey Protein Powder",
    "category": "Supplements",
    "subcategory": "Protein Powders",
    "calories": 354,
    "protein": 82.0,
    "carbs": 7.0,
    "fat": 1.9,
    "fiber": 0.0,
    "sugar": 7.0,
    "sodium": 440,
    "common": true
  }
]
